Obszar metropolitalny,podregion NTS3,2008,2009,2010,2011,2012,2013,2014,2015,2016,2017,2018,2019,2020,2021,2022,2023,2024,2025,2026,2027,2028,2029,2030,2031,2032,2033,2034,2035,2036,2037,2038,2039,2040,2041,2042,2043,2044,2045,2046,2047,2048,2049,2050,2051,2052,2053,2054,2055,2056,2057,2058,2059,2060
1,m. Lodz,5.2,1.9,4.1,3.7,2.3,3.2,3.6,3.7,3.5,3.6,3.5,3.2,3.3,3.3,3.2,3.1,3.0,2.9,2.9,3.0,2.9,2.9,2.9,2.8,2.8,2.8,2.9,2.9,2.8,2.8,2.7,2.6,2.5,2.5,2.5,2.5,2.5,2.5,2.5,2.5,2.5,2.5,2.5,2.5,2.5,2.5,2.5,2.5,2.5,2.5,2.5,2.5,2.5
2,lodzki,5.2,1.9,4.1,3.7,2.3,3.2,3.6,3.7,3.5,3.6,3.5,3.2,3.3,3.3,3.2,3.1,3.0,2.9,2.9,3.0,2.9,2.9,2.9,2.8,2.8,2.8,2.9,2.9,2.8,2.8,2.7,2.6,2.5,2.5,2.5,2.5,2.5,2.5,2.5,2.5,2.5,2.5,2.5,2.5,2.5,2.5,2.5,2.5,2.5,2.5,2.5,2.5,2.5
3,piotrkowski,4.9,1.8,3.9,3.6,2.2,3.0,3.3,3.3,3.2,3.3,3.2,2.9,2.9,2.9,2.8,2.7,2.6,2.6,2.6,2.5,2.4,2.4,2.4,2.4,2.4,2.4,2.2,2.2,2.1,2.1,2.1,2.0,1.9,1.9,1.9,1.9,1.9,1.9,1.9,1.9,1.9,1.9,1.9,1.9,1.9,1.9,1.9,1.9,1.9,1.9,1.9,1.9,1.9
4,sieradzki,4.9,1.8,3.9,3.6,2.2,3.0,3.3,3.3,3.2,3.3,3.2,2.9,2.9,2.9,2.8,2.7,2.6,2.6,2.6,2.5,2.4,2.4,2.4,2.4,2.4,2.4,2.2,2.2,2.1,2.1,2.1,2.0,1.9,1.9,1.9,1.9,1.9,1.9,1.9,1.9,1.9,1.9,1.9,1.9,1.9,1.9,1.9,1.9,1.9,1.9,1.9,1.9,1.9
5,skierniewicki,4.9,1.8,3.9,3.6,2.2,3.0,3.3,3.3,3.2,3.3,3.2,2.9,2.9,2.9,2.8,2.7,2.6,2.6,2.6,2.5,2.4,2.4,2.4,2.4,2.4,2.4,2.2,2.2,2.1,2.1,2.1,2.0,1.9,1.9,1.9,1.9,1.9,1.9,1.9,1.9,1.9,1.9,1.9,1.9,1.9,1.9,1.9,1.9,1.9,1.9,1.9,1.9,1.9
6,m. st. Warszawa,5.9,2.2,4.7,4.4,2.7,3.7,4.2,4.3,4.1,4.2,4.1,3.8,3.8,3.9,3.8,3.7,3.6,3.4,3.4,3.6,3.5,3.5,3.5,3.4,3.4,3.4,3.4,3.4,3.2,3.2,3.1,3.0,2.8,2.8,2.8,2.8,2.8,2.8,2.8,2.8,2.8,2.8,2.8,2.8,2.8,2.8,2.8,2.8,2.8,2.8,2.8,2.8,2.8
7,warszawski wschodni,5.9,2.2,4.7,4.4,2.7,3.7,4.2,4.3,4.1,4.2,4.1,3.8,3.8,3.9,3.8,3.7,3.6,3.4,3.4,3.6,3.5,3.5,3.5,3.4,3.4,3.4,3.4,3.4,3.2,3.2,3.1,3.0,2.8,2.8,2.8,2.8,2.8,2.8,2.8,2.8,2.8,2.8,2.8,2.8,2.8,2.8,2.8,2.8,2.8,2.8,2.8,2.8,2.8
8,warszawski zachodni,5.9,2.2,4.7,4.4,2.7,3.7,4.2,4.3,4.1,4.2,4.1,3.8,3.8,3.9,3.8,3.7,3.6,3.4,3.4,3.6,3.5,3.5,3.5,3.4,3.4,3.4,3.4,3.4,3.2,3.2,3.1,3.0,2.8,2.8,2.8,2.8,2.8,2.8,2.8,2.8,2.8,2.8,2.8,2.8,2.8,2.8,2.8,2.8,2.8,2.8,2.8,2.8,2.8
9,ciechanowsko-plocki,5.6,2.1,4.4,4.1,2.6,3.5,3.8,3.9,3.7,3.8,3.7,3.4,3.4,3.4,3.3,3.2,3.1,3.0,3.0,2.9,2.8,2.8,2.8,2.7,2.7,2.7,2.7,2.7,2.6,2.6,2.5,2.4,2.3,2.3,2.3,2.3,2.3,2.3,2.3,2.3,2.3,2.3,2.3,2.3,2.3,2.3,2.3,2.3,2.3,2.3,2.3,2.3,2.3
10,ostrolecko-siedlecki,5.6,2.1,4.4,4.1,2.6,3.5,3.8,3.9,3.7,3.8,3.7,3.4,3.4,3.4,3.3,3.2,3.1,3.0,3.0,2.9,2.8,2.8,2.8,2.7,2.7,2.7,2.7,2.7,2.6,2.6,2.5,2.4,2.3,2.3,2.3,2.3,2.3,2.3,2.3,2.3,2.3,2.3,2.3,2.3,2.3,2.3,2.3,2.3,2.3,2.3,2.3,2.3,2.3
11,radomski,5.6,2.1,4.4,4.1,2.6,3.5,3.8,3.9,3.7,3.8,3.7,3.4,3.4,3.4,3.3,3.2,3.1,3.0,3.0,2.9,2.8,2.8,2.8,2.7,2.7,2.7,2.7,2.7,2.6,2.6,2.5,2.4,2.3,2.3,2.3,2.3,2.3,2.3,2.3,2.3,2.3,2.3,2.3,2.3,2.3,2.3,2.3,2.3,2.3,2.3,2.3,2.3,2.3
12,m. Krakow,5.3,2.0,4.2,4.1,2.6,3.5,3.9,4.0,3.8,3.9,3.8,3.5,3.6,3.6,3.5,3.4,3.3,3.2,3.2,3.3,3.2,3.2,3.2,3.1,3.1,3.1,3.1,3.1,3.0,3.0,2.9,2.7,2.6,2.6,2.6,2.6,2.6,2.6,2.6,2.6,2.6,2.6,2.6,2.6,2.6,2.6,2.6,2.6,2.6,2.6,2.6,2.6,2.6
13,krakowski,5.3,2.0,4.2,4.1,2.6,3.5,3.9,4.0,3.8,3.9,3.8,3.5,3.6,3.6,3.5,3.4,3.3,3.2,3.2,3.3,3.2,3.2,3.2,3.1,3.1,3.1,3.1,3.1,3.0,3.0,2.9,2.7,2.6,2.6,2.6,2.6,2.6,2.6,2.6,2.6,2.6,2.6,2.6,2.6,2.6,2.6,2.6,2.6,2.6,2.6,2.6,2.6,2.6
14,oswiecimski,5.3,2.0,4.2,4.1,2.6,3.5,3.9,4.0,3.8,3.9,3.8,3.5,3.6,3.6,3.5,3.4,3.3,3.2,3.2,3.3,3.2,3.2,3.2,3.1,3.1,3.1,3.1,3.1,3.0,3.0,2.9,2.7,2.6,2.6,2.6,2.6,2.6,2.6,2.6,2.6,2.6,2.6,2.6,2.6,2.6,2.6,2.6,2.6,2.6,2.6,2.6,2.6,2.6
15,nowosadecki,5.1,1.9,4.0,3.9,2.4,3.3,3.6,3.7,3.5,3.6,3.5,3.2,3.1,3.2,3.1,3.0,2.9,2.8,2.8,2.8,2.7,2.7,2.7,2.6,2.6,2.6,2.5,2.5,2.4,2.4,2.3,2.2,2.1,2.1,2.1,2.1,2.1,2.1,2.1,2.1,2.1,2.1,2.1,2.1,2.1,2.1,2.1,2.1,2.1,2.1,2.1,2.1,2.1
16,tarnowski,5.1,1.9,4.0,3.9,2.4,3.3,3.6,3.7,3.5,3.6,3.5,3.2,3.1,3.2,3.1,3.0,2.9,2.8,2.8,2.8,2.7,2.7,2.7,2.6,2.6,2.6,2.5,2.5,2.4,2.4,2.3,2.2,2.1,2.1,2.1,2.1,2.1,2.1,2.1,2.1,2.1,2.1,2.1,2.1,2.1,2.1,2.1,2.1,2.1,2.1,2.1,2.1,2.1
17,bytomski,5.1,1.9,4.0,3.5,2.2,3.0,3.4,3.5,3.3,3.4,3.3,3.1,3.1,3.1,3.0,2.9,2.8,2.7,2.7,2.9,2.8,2.8,2.8,2.7,2.7,2.7,2.7,2.7,2.6,2.6,2.5,2.4,2.3,2.3,2.3,2.3,2.3,2.3,2.3,2.3,2.3,2.3,2.3,2.3,2.3,2.3,2.3,2.3,2.3,2.3,2.3,2.3,2.3
18,gliwicki,5.1,1.9,4.0,3.5,2.2,3.0,3.4,3.5,3.3,3.4,3.3,3.1,3.1,3.1,3.0,2.9,2.8,2.7,2.7,2.9,2.8,2.8,2.8,2.7,2.7,2.7,2.7,2.7,2.6,2.6,2.5,2.4,2.3,2.3,2.3,2.3,2.3,2.3,2.3,2.3,2.3,2.3,2.3,2.3,2.3,2.3,2.3,2.3,2.3,2.3,2.3,2.3,2.3
19,katowicki,5.1,1.9,4.0,3.5,2.2,3.0,3.4,3.5,3.3,3.4,3.3,3.1,3.1,3.1,3.0,2.9,2.8,2.7,2.7,2.9,2.8,2.8,2.8,2.7,2.7,2.7,2.7,2.7,2.6,2.6,2.5,2.4,2.3,2.3,2.3,2.3,2.3,2.3,2.3,2.3,2.3,2.3,2.3,2.3,2.3,2.3,2.3,2.3,2.3,2.3,2.3,2.3,2.3
20,sosnowiecki,5.1,1.9,4.0,3.5,2.2,3.0,3.4,3.5,3.3,3.4,3.3,3.1,3.1,3.1,3.0,2.9,2.8,2.7,2.7,2.9,2.8,2.8,2.8,2.7,2.7,2.7,2.7,2.7,2.6,2.6,2.5,2.4,2.3,2.3,2.3,2.3,2.3,2.3,2.3,2.3,2.3,2.3,2.3,2.3,2.3,2.3,2.3,2.3,2.3,2.3,2.3,2.3,2.3
21,tyski,5.1,1.9,4.0,3.5,2.2,3.0,3.4,3.5,3.3,3.4,3.3,3.1,3.1,3.1,3.0,2.9,2.8,2.7,2.7,2.9,2.8,2.8,2.8,2.7,2.7,2.7,2.7,2.7,2.6,2.6,2.5,2.4,2.3,2.3,2.3,2.3,2.3,2.3,2.3,2.3,2.3,2.3,2.3,2.3,2.3,2.3,2.3,2.3,2.3,2.3,2.3,2.3,2.3
22,czestochowski,4.8,1.8,3.8,3.4,2.1,2.8,3.1,3.1,3.0,3.1,3.0,2.7,2.7,2.7,2.6,2.6,2.5,2.4,2.4,2.3,2.3,2.3,2.3,2.2,2.2,2.2,2.1,2.1,2.1,2.1,2.0,1.9,1.8,1.8,1.8,1.8,1.8,1.8,1.8,1.8,1.8,1.8,1.8,1.8,1.8,1.8,1.8,1.8,1.8,1.8,1.8,1.8,1.8
23,rybnicki,4.8,1.8,3.8,3.4,2.1,2.8,3.1,3.1,3.0,3.1,3.0,2.7,2.7,2.7,2.6,2.6,2.5,2.4,2.4,2.3,2.3,2.3,2.3,2.2,2.2,2.2,2.1,2.1,2.1,2.1,2.0,1.9,1.8,1.8,1.8,1.8,1.8,1.8,1.8,1.8,1.8,1.8,1.8,1.8,1.8,1.8,1.8,1.8,1.8,1.8,1.8,1.8,1.8
24,bielski,4.8,1.8,3.8,3.4,2.1,2.8,3.1,3.1,3.0,3.1,3.0,2.7,2.7,2.7,2.6,2.6,2.5,2.4,2.4,2.3,2.3,2.3,2.3,2.2,2.2,2.2,2.1,2.1,2.1,2.1,2.0,1.9,1.8,1.8,1.8,1.8,1.8,1.8,1.8,1.8,1.8,1.8,1.8,1.8,1.8,1.8,1.8,1.8,1.8,1.8,1.8,1.8,1.8
25,lubelski,4.5,1.6,3.6,3.1,1.9,2.6,3.0,3.1,2.9,3.0,2.9,2.7,2.7,2.8,2.7,2.6,2.5,2.4,2.4,2.5,2.4,2.4,2.4,2.3,2.3,2.3,2.4,2.4,2.3,2.3,2.2,2.1,2.0,2.0,2.0,2.0,2.0,2.0,2.0,2.0,2.0,2.0,2.0,2.0,2.0,2.0,2.0,2.0,2.0,2.0,2.0,2.0,2.0
26,bialski,4.2,1.5,3.4,2.9,1.8,2.5,2.7,2.8,2.6,2.7,2.6,2.4,2.3,2.4,2.3,2.2,2.1,2.1,2.1,2.1,2.0,2.0,2.0,1.9,1.9,1.9,1.8,1.8,1.8,1.8,1.7,1.6,1.6,1.6,1.6,1.6,1.6,1.6,1.6,1.6,1.6,1.6,1.6,1.6,1.6,1.6,1.6,1.6,1.6,1.6,1.6,1.6,1.6
27,chelmsko-zamojski.,4.2,1.5,3.4,2.9,1.8,2.5,2.7,2.8,2.6,2.7,2.6,2.4,2.3,2.4,2.3,2.2,2.1,2.1,2.1,2.1,2.0,2.0,2.0,1.9,1.9,1.9,1.8,1.8,1.8,1.8,1.7,1.6,1.6,1.6,1.6,1.6,1.6,1.6,1.6,1.6,1.6,1.6,1.6,1.6,1.6,1.6,1.6,1.6,1.6,1.6,1.6,1.6,1.6
28,pulawski,4.2,1.5,3.4,2.9,1.8,2.5,2.7,2.8,2.6,2.7,2.6,2.4,2.3,2.4,2.3,2.2,2.1,2.1,2.1,2.1,2.0,2.0,2.0,1.9,1.9,1.9,1.8,1.8,1.8,1.8,1.7,1.6,1.6,1.6,1.6,1.6,1.6,1.6,1.6,1.6,1.6,1.6,1.6,1.6,1.6,1.6,1.6,1.6,1.6,1.6,1.6,1.6,1.6
29,rzeszowski,4.6,1.7,3.7,3.3,2.0,2.8,3.1,3.2,3.0,3.1,3.0,2.8,2.8,2.9,2.8,2.7,2.6,2.5,2.5,2.7,2.6,2.6,2.6,2.5,2.5,2.5,2.4,2.4,2.3,2.3,2.2,2.1,2.1,2.1,2.1,2.1,2.1,2.1,2.1,2.1,2.1,2.1,2.1,2.1,2.1,2.1,2.1,2.1,2.1,2.1,2.1,2.1,2.1
30,krosnienski,4.4,1.6,3.5,3.1,1.9,2.6,2.9,2.9,2.8,2.9,2.8,2.6,2.4,2.5,2.4,2.3,2.2,2.2,2.2,2.2,2.1,2.1,2.1,2.0,2.0,2.0,2.0,2.0,1.9,1.9,1.8,1.7,1.7,1.7,1.7,1.7,1.7,1.7,1.7,1.7,1.7,1.7,1.7,1.7,1.7,1.7,1.7,1.7,1.7,1.7,1.7,1.7,1.7
31,przemyski,4.4,1.6,3.5,3.1,1.9,2.6,2.9,2.9,2.8,2.9,2.8,2.6,2.4,2.5,2.4,2.3,2.2,2.2,2.2,2.2,2.1,2.1,2.1,2.0,2.0,2.0,2.0,2.0,1.9,1.9,1.8,1.7,1.7,1.7,1.7,1.7,1.7,1.7,1.7,1.7,1.7,1.7,1.7,1.7,1.7,1.7,1.7,1.7,1.7,1.7,1.7,1.7,1.7
32,tarnobrzeski,4.4,1.6,3.5,3.1,1.9,2.6,2.9,2.9,2.8,2.9,2.8,2.6,2.4,2.5,2.4,2.3,2.2,2.2,2.2,2.2,2.1,2.1,2.1,2.0,2.0,2.0,2.0,2.0,1.9,1.9,1.8,1.7,1.7,1.7,1.7,1.7,1.7,1.7,1.7,1.7,1.7,1.7,1.7,1.7,1.7,1.7,1.7,1.7,1.7,1.7,1.7,1.7,1.7
33,kielecki,4.3,1.6,3.4,3.3,2.1,2.8,3.0,3.1,3.0,3.0,3.0,2.7,2.7,2.7,2.6,2.5,2.4,2.4,2.4,2.3,2.2,2.2,2.2,2.1,2.1,2.1,2.0,2.0,2.0,2.0,1.9,1.8,1.7,1.7,1.7,1.7,1.7,1.7,1.7,1.7,1.7,1.7,1.7,1.7,1.7,1.7,1.7,1.7,1.7,1.7,1.7,1.7,1.7
34,sandomiersko-jedrzejowski,4.3,1.6,3.4,3.3,2.1,2.8,3.0,3.1,3.0,3.0,3.0,2.7,2.7,2.7,2.6,2.5,2.4,2.4,2.4,2.3,2.2,2.2,2.2,2.1,2.1,2.1,2.0,2.0,2.0,2.0,1.9,1.8,1.7,1.7,1.7,1.7,1.7,1.7,1.7,1.7,1.7,1.7,1.7,1.7,1.7,1.7,1.7,1.7,1.7,1.7,1.7,1.7,1.7
35,bialostocki,5.2,1.9,4.1,3.7,2.3,3.2,3.6,3.7,3.5,3.6,3.5,3.2,3.3,3.3,3.2,3.1,3.0,2.9,2.9,3.0,2.9,2.9,2.9,2.8,2.8,2.8,2.9,2.9,2.8,2.8,2.7,2.5,2.4,2.4,2.4,2.4,2.4,2.4,2.4,2.4,2.4,2.4,2.4,2.4,2.4,2.4,2.4,2.4,2.4,2.4,2.4,2.4,2.4
36,lomzynski,4.9,1.8,3.9,3.3,2.1,2.8,3.0,3.1,2.9,3.0,2.9,2.7,2.7,2.7,2.6,2.5,2.5,2.4,2.4,2.3,2.3,2.3,2.3,2.2,2.2,2.2,2.1,2.1,2.0,2.0,1.9,1.8,1.7,1.7,1.7,1.7,1.7,1.7,1.7,1.7,1.7,1.7,1.7,1.7,1.7,1.7,1.7,1.7,1.7,1.7,1.7,1.7,1.7
37,suwalski,4.9,1.8,3.9,3.3,2.1,2.8,3.0,3.1,2.9,3.0,2.9,2.7,2.7,2.7,2.6,2.5,2.5,2.4,2.4,2.3,2.3,2.3,2.3,2.2,2.2,2.2,2.1,2.1,2.0,2.0,1.9,1.8,1.7,1.7,1.7,1.7,1.7,1.7,1.7,1.7,1.7,1.7,1.7,1.7,1.7,1.7,1.7,1.7,1.7,1.7,1.7,1.7,1.7
38,gorzowski,4.9,1.8,3.9,3.4,2.1,2.9,3.1,3.2,3.0,3.1,3.0,2.8,2.7,2.8,2.7,2.6,2.5,2.4,2.4,2.4,2.3,2.3,2.3,2.2,2.2,2.2,2.1,2.1,2.0,2.0,1.9,1.9,1.8,1.8,1.8,1.8,1.8,1.8,1.8,1.8,1.8,1.8,1.8,1.8,1.8,1.8,1.8,1.8,1.8,1.8,1.8,1.8,1.8
39,zielonogorski,4.9,1.8,3.9,3.4,2.1,2.9,3.1,3.2,3.0,3.1,3.0,2.8,2.7,2.8,2.7,2.6,2.5,2.4,2.4,2.4,2.3,2.3,2.3,2.2,2.2,2.2,2.1,2.1,2.0,2.0,1.9,1.9,1.8,1.8,1.8,1.8,1.8,1.8,1.8,1.8,1.8,1.8,1.8,1.8,1.8,1.8,1.8,1.8,1.8,1.8,1.8,1.8,1.8
40,m. Poznań,5.8,2.1,4.6,4.1,2.6,3.5,4.0,4.1,3.9,4.0,3.9,3.6,3.6,3.7,3.6,3.5,3.4,3.2,3.2,3.4,3.3,3.3,3.3,3.2,3.2,3.2,3.2,3.2,3.0,3.0,2.9,2.8,2.7,2.7,2.7,2.7,2.7,2.7,2.7,2.7,2.7,2.7,2.7,2.7,2.7,2.7,2.7,2.7,2.7,2.7,2.7,2.7,2.7
41,poznański,5.8,2.1,4.6,4.1,2.6,3.5,4.0,4.1,3.9,4.0,3.9,3.6,3.6,3.7,3.6,3.5,3.4,3.2,3.2,3.4,3.3,3.3,3.3,3.2,3.2,3.2,3.2,3.2,3.0,3.0,2.9,2.8,2.7,2.7,2.7,2.7,2.7,2.7,2.7,2.7,2.7,2.7,2.7,2.7,2.7,2.7,2.7,2.7,2.7,2.7,2.7,2.7,2.7
42,kaliski,5.5,2.0,4.4,3.9,2.4,3.3,3.6,3.7,3.5,3.6,3.5,3.2,3.1,3.1,3.1,3.0,2.9,2.8,2.8,2.7,2.6,2.6,2.6,2.5,2.5,2.5,2.5,2.5,2.4,2.4,2.3,2.2,2.1,2.1,2.1,2.1,2.1,2.1,2.1,2.1,2.1,2.1,2.1,2.1,2.1,2.1,2.1,2.1,2.1,2.1,2.1,2.1,2.1
43,koniński,5.5,2.0,4.4,3.9,2.4,3.3,3.6,3.7,3.5,3.6,3.5,3.2,3.1,3.1,3.1,3.0,2.9,2.8,2.8,2.7,2.6,2.6,2.6,2.5,2.5,2.5,2.5,2.5,2.4,2.4,2.3,2.2,2.1,2.1,2.1,2.1,2.1,2.1,2.1,2.1,2.1,2.1,2.1,2.1,2.1,2.1,2.1,2.1,2.1,2.1,2.1,2.1,2.1
44,leszczyński,5.5,2.0,4.4,3.9,2.4,3.3,3.6,3.7,3.5,3.6,3.5,3.2,3.1,3.1,3.1,3.0,2.9,2.8,2.8,2.7,2.6,2.6,2.6,2.5,2.5,2.5,2.5,2.5,2.4,2.4,2.3,2.2,2.1,2.1,2.1,2.1,2.1,2.1,2.1,2.1,2.1,2.1,2.1,2.1,2.1,2.1,2.1,2.1,2.1,2.1,2.1,2.1,2.1
45,pilski,5.5,2.0,4.4,3.9,2.4,3.3,3.6,3.7,3.5,3.6,3.5,3.2,3.1,3.1,3.1,3.0,2.9,2.8,2.8,2.7,2.6,2.6,2.6,2.5,2.5,2.5,2.5,2.5,2.4,2.4,2.3,2.2,2.1,2.1,2.1,2.1,2.1,2.1,2.1,2.1,2.1,2.1,2.1,2.1,2.1,2.1,2.1,2.1,2.1,2.1,2.1,2.1,2.1
46,m. Szczecin,4.0,1.5,3.2,2.7,1.7,2.3,2.6,2.7,2.6,2.6,2.6,2.3,2.4,2.4,2.3,2.2,2.2,2.1,2.1,2.2,2.1,2.1,2.1,2.1,2.1,2.1,2.0,2.0,2.0,2.0,1.9,1.8,1.7,1.7,1.7,1.7,1.7,1.7,1.7,1.7,1.7,1.7,1.7,1.7,1.7,1.7,1.7,1.7,1.7,1.7,1.7,1.7,1.7
47,szczeciński,4.0,1.5,3.2,2.7,1.7,2.3,2.6,2.7,2.6,2.6,2.6,2.3,2.4,2.4,2.3,2.2,2.2,2.1,2.1,2.2,2.1,2.1,2.1,2.1,2.1,2.1,2.0,2.0,2.0,2.0,1.9,1.8,1.7,1.7,1.7,1.7,1.7,1.7,1.7,1.7,1.7,1.7,1.7,1.7,1.7,1.7,1.7,1.7,1.7,1.7,1.7,1.7,1.7
48,koszaliński,3.9,1.4,3.1,2.6,1.6,2.2,2.4,2.5,2.3,2.4,2.3,2.1,2.1,2.1,2.0,1.9,1.9,1.8,1.8,1.8,1.8,1.8,1.8,1.7,1.7,1.7,1.6,1.6,1.5,1.5,1.5,1.4,1.3,1.3,1.3,1.3,1.3,1.3,1.3,1.3,1.3,1.3,1.3,1.3,1.3,1.3,1.3,1.3,1.3,1.3,1.3,1.3,1.3
49,stargardzki,3.9,1.4,3.1,2.6,1.6,2.2,2.4,2.5,2.3,2.4,2.3,2.1,2.1,2.1,2.0,1.9,1.9,1.8,1.8,1.8,1.8,1.8,1.8,1.7,1.7,1.7,1.6,1.6,1.5,1.5,1.5,1.4,1.3,1.3,1.3,1.3,1.3,1.3,1.3,1.3,1.3,1.3,1.3,1.3,1.3,1.3,1.3,1.3,1.3,1.3,1.3,1.3,1.3
50,m. Wroclaw,4.8,1.8,3.8,3.8,2.4,3.2,3.6,3.7,3.5,3.6,3.5,3.3,3.3,3.4,3.3,3.2,3.1,3.0,3.0,3.1,3.0,3.0,3.0,2.9,2.9,2.9,2.9,2.9,2.8,2.8,2.7,2.6,2.5,2.5,2.5,2.5,2.5,2.5,2.5,2.5,2.5,2.5,2.5,2.5,2.5,2.5,2.5,2.5,2.5,2.5,2.5,2.5,2.5
51,wroclawski,4.8,1.8,3.8,3.8,2.4,3.2,3.6,3.7,3.5,3.6,3.5,3.3,3.3,3.4,3.3,3.2,3.1,3.0,3.0,3.1,3.0,3.0,3.0,2.9,2.9,2.9,2.9,2.9,2.8,2.8,2.7,2.6,2.5,2.5,2.5,2.5,2.5,2.5,2.5,2.5,2.5,2.5,2.5,2.5,2.5,2.5,2.5,2.5,2.5,2.5,2.5,2.5,2.5
52,jeleniogorski,4.6,1.7,3.7,3.6,2.3,3.1,3.3,3.4,3.2,3.3,3.2,3.0,2.9,2.9,2.8,2.7,2.6,2.6,2.6,2.6,2.5,2.5,2.5,2.4,2.4,2.4,2.3,2.3,2.2,2.2,2.1,2.0,1.9,1.9,1.9,1.9,1.9,1.9,1.9,1.9,1.9,1.9,1.9,1.9,1.9,1.9,1.9,1.9,1.9,1.9,1.9,1.9,1.9
53,legnicko-glogowski,4.6,1.7,3.7,3.6,2.3,3.1,3.3,3.4,3.2,3.3,3.2,3.0,2.9,2.9,2.8,2.7,2.6,2.6,2.6,2.6,2.5,2.5,2.5,2.4,2.4,2.4,2.3,2.3,2.2,2.2,2.1,2.0,1.9,1.9,1.9,1.9,1.9,1.9,1.9,1.9,1.9,1.9,1.9,1.9,1.9,1.9,1.9,1.9,1.9,1.9,1.9,1.9,1.9
54,walbrzyski,4.6,1.7,3.7,3.6,2.3,3.1,3.3,3.4,3.2,3.3,3.2,3.0,2.9,2.9,2.8,2.7,2.6,2.6,2.6,2.6,2.5,2.5,2.5,2.4,2.4,2.4,2.3,2.3,2.2,2.2,2.1,2.0,1.9,1.9,1.9,1.9,1.9,1.9,1.9,1.9,1.9,1.9,1.9,1.9,1.9,1.9,1.9,1.9,1.9,1.9,1.9,1.9,1.9
55,nyski,4.6,1.7,3.7,3.3,2.1,2.8,3.0,3.1,2.9,3.0,2.9,2.7,2.6,2.7,2.6,2.5,2.4,2.4,2.4,2.4,2.3,2.3,2.3,2.2,2.2,2.2,2.1,2.1,2.1,2.1,2.0,1.9,1.8,1.8,1.8,1.8,1.8,1.8,1.8,1.8,1.8,1.8,1.8,1.8,1.8,1.8,1.8,1.8,1.8,1.8,1.8,1.8,1.8
56,opolski,4.6,1.7,3.7,3.3,2.1,2.8,3.0,3.1,2.9,3.0,2.9,2.7,2.6,2.7,2.6,2.5,2.4,2.4,2.4,2.4,2.3,2.3,2.3,2.2,2.2,2.2,2.1,2.1,2.1,2.1,2.0,1.9,1.8,1.8,1.8,1.8,1.8,1.8,1.8,1.8,1.8,1.8,1.8,1.8,1.8,1.8,1.8,1.8,1.8,1.8,1.8,1.8,1.8
57,bydgosko-toruński,5.1,1.9,4.0,3.4,2.1,2.9,3.3,3.4,3.2,3.3,3.2,3.0,3.0,3.0,2.9,2.8,2.8,2.7,2.7,2.8,2.7,2.7,2.7,2.6,2.6,2.6,2.6,2.6,2.5,2.5,2.4,2.3,2.2,2.2,2.2,2.2,2.2,2.2,2.2,2.2,2.2,2.2,2.2,2.2,2.2,2.2,2.2,2.2,2.2,2.2,2.2,2.2,2.2
58,grudziadzki,4.8,1.8,3.8,3.3,2.1,2.8,3.1,3.1,3.0,3.1,3.0,2.7,2.7,2.7,2.6,2.5,2.5,2.4,2.4,2.3,2.3,2.3,2.3,2.2,2.2,2.2,2.1,2.1,2.1,2.1,2.0,1.9,1.8,1.8,1.8,1.8,1.8,1.8,1.8,1.8,1.8,1.8,1.8,1.8,1.8,1.8,1.8,1.8,1.8,1.8,1.8,1.8,1.8
59,wloclawski,4.8,1.8,3.8,3.3,2.1,2.8,3.1,3.1,3.0,3.1,3.0,2.7,2.7,2.7,2.6,2.5,2.5,2.4,2.4,2.3,2.3,2.3,2.3,2.2,2.2,2.2,2.1,2.1,2.1,2.1,2.0,1.9,1.8,1.8,1.8,1.8,1.8,1.8,1.8,1.8,1.8,1.8,1.8,1.8,1.8,1.8,1.8,1.8,1.8,1.8,1.8,1.8,1.8
60,trojmiejski,5.0,1.8,4.0,3.5,2.2,2.9,3.4,3.4,3.3,3.4,3.3,3.0,3.1,3.1,3.0,2.9,2.8,2.7,2.7,2.8,2.7,2.7,2.7,2.6,2.6,2.6,2.7,2.7,2.6,2.6,2.5,2.4,2.3,2.3,2.3,2.3,2.3,2.3,2.3,2.3,2.3,2.3,2.3,2.3,2.3,2.3,2.3,2.3,2.3,2.3,2.3,2.3,2.3
61,gdański,5.0,1.8,4.0,3.5,2.2,2.9,3.4,3.4,3.3,3.4,3.3,3.0,3.1,3.1,3.0,2.9,2.8,2.7,2.7,2.8,2.7,2.7,2.7,2.6,2.6,2.6,2.7,2.7,2.6,2.6,2.5,2.4,2.3,2.3,2.3,2.3,2.3,2.3,2.3,2.3,2.3,2.3,2.3,2.3,2.3,2.3,2.3,2.3,2.3,2.3,2.3,2.3,2.3
62,starogardzki,4.7,1.7,3.8,3.4,2.1,2.9,3.2,3.3,3.1,3.2,3.1,2.8,2.7,2.8,2.7,2.6,2.5,2.4,2.4,2.4,2.3,2.3,2.3,2.3,2.3,2.3,2.1,2.1,2.0,2.0,2.0,1.9,1.8,1.8,1.8,1.8,1.8,1.8,1.8,1.8,1.8,1.8,1.8,1.8,1.8,1.8,1.8,1.8,1.8,1.8,1.8,1.8,1.8
63,slupski,4.7,1.7,3.8,3.4,2.1,2.9,3.2,3.3,3.1,3.2,3.1,2.8,2.7,2.8,2.7,2.6,2.5,2.4,2.4,2.4,2.3,2.3,2.3,2.3,2.3,2.3,2.1,2.1,2.0,2.0,2.0,1.9,1.8,1.8,1.8,1.8,1.8,1.8,1.8,1.8,1.8,1.8,1.8,1.8,1.8,1.8,1.8,1.8,1.8,1.8,1.8,1.8,1.8
64,elblaski,4.6,1.7,3.6,3.3,2.1,2.8,3.0,3.1,2.9,3.0,2.9,2.7,2.7,2.7,2.6,2.5,2.4,2.3,2.3,2.3,2.3,2.3,2.3,2.2,2.2,2.2,2.0,2.0,1.9,1.9,1.9,1.8,1.7,1.7,1.7,1.7,1.7,1.7,1.7,1.7,1.7,1.7,1.7,1.7,1.7,1.7,1.7,1.7,1.7,1.7,1.7,1.7,1.7
65,elcki,4.6,1.7,3.6,3.3,2.1,2.8,3.0,3.1,2.9,3.0,2.9,2.7,2.7,2.7,2.6,2.5,2.4,2.3,2.3,2.3,2.3,2.3,2.3,2.2,2.2,2.2,2.0,2.0,1.9,1.9,1.9,1.8,1.7,1.7,1.7,1.7,1.7,1.7,1.7,1.7,1.7,1.7,1.7,1.7,1.7,1.7,1.7,1.7,1.7,1.7,1.7,1.7,1.7
66,olsztyński,4.6,1.7,3.6,3.3,2.1,2.8,3.0,3.1,2.9,3.0,2.9,2.7,2.7,2.7,2.6,2.5,2.4,2.3,2.3,2.3,2.3,2.3,2.3,2.2,2.2,2.2,2.0,2.0,1.9,1.9,1.9,1.8,1.7,1.7,1.7,1.7,1.7,1.7,1.7,1.7,1.7,1.7,1.7,1.7,1.7,1.7,1.7,1.7,1.7,1.7,1.7,1.7,1.7
67,POLSKA*,4.9,1.8,3.9,4.0,2.5,3.4,3.8,3.9,3.7,3.8,3.7,3.4,3.3,3.2,3.1,3.0,2.9,2.8,2.8,2.8,2.7,2.7,2.7,2.6,2.6,2.6,2.5,2.5,2.4,2.4,2.3,2.2,2.1,2.1,2.1,2.1,2.1,2.1,2.1,2.1,2.1,2.1,2.1,2.1,2.1,2.1,2.1,2.1,2.1,2.1,2.1,2.1,2.1
